PassengerId;Pclass;Sex;Age;SibSp;Parch;Fare;Embarked;Survived
1;1.0;1.0;0.2711736617240512;0.2;0.0;0.014151057562208049;1.0;0
2;0.0;0.0;0.4722292033174164;0.2;0.0;0.13913573538264068;0.0;1
3;1.0;0.0;0.32143754712239253;0.0;0.0;0.015468569817999833;1.0;1
4;0.0;0.0;0.4345312892686604;0.2;0.0;0.10364429745562033;1.0;1
5;1.0;1.0;0.4345312892686604;0.0;0.0;0.015712553569072387;1.0;0
7;0.0;1.0;0.6732847449107816;0.0;0.0;0.10122885832000206;1.0;0
8;1.0;1.0;0.01985423473234481;0.6000000000000001;0.16666666666666666;0.04113566043083236;1.0;0
9;1.0;0.0;0.33400351847197784;0.0;0.3333333333333333;0.021730754366528396;1.0;1
10;0.5;0.0;0.17064589092736868;0.2;0.0;0.058694292654020104;0.0;1
11;1.0;0.0;0.04498617743151546;0.2;0.16666666666666666;0.03259622914329302;1.0;1
12;0.0;0.0;0.723548630309123;0.0;0.0;0.051822148727810165;1.0;1
13;1.0;1.0;0.24604171902488062;0.0;0.0;0.015712553569072387;1.0;0
14;1.0;1.0;0.4847951746670017;0.2;0.8333333333333333;0.06104473451835265;1.0;0
15;1.0;0.0;0.17064589092736868;0.0;0.0;0.015330377421392339;1.0;0
16;0.5;0.0;0.685850716260367;0.0;0.0;0.03122992013728673;1.0;1
17;1.0;1.0;0.01985423473234481;0.8;0.16666666666666666;0.05684821399990475;0.5;0
19;1.0;0.0;0.38426740387031916;0.2;0.0;0.03513366015444757;1.0;0
21;0.5;1.0;0.4345312892686604;0.0;0.0;0.050748620223090936;1.0;0
22;0.5;1.0;0.4219653179190751;0.0;0.0;0.025374310111545468;1.0;1
23;1.0;0.0;0.18321186227695402;0.0;0.0;0.015671954672893913;0.5;1
24;0.0;1.0;0.34656948982156316;0.0;0.0;0.06929138530460494;1.0;1
25;1.0;0.0;0.09525006282985675;0.6000000000000001;0.16666666666666666;0.04113566043083236;1.0;0
26;1.0;0.0;0.4722292033174164;0.2;0.8333333333333333;0.06126431989431795;1.0;1
28;0.0;1.0;0.2334757476752953;0.6000000000000001;0.3333333333333333;0.5133418122566507;1.0;0
31;0.0;1.0;0.49736114601658704;0.0;0.0;0.05410739813385612;0.0;0
34;0.5;1.0;0.8240764011058055;0.0;0.0;0.020494635090094415;1.0;0
35;0.0;1.0;0.34656948982156316;0.2;0.0;0.16038672010106003;0.0;0
36;0.0;1.0;0.5224930887157577;0.2;0.0;0.10149724044618187;1.0;0
38;1.0;1.0;0.2586076903744659;0.0;0.0;0.015712553569072387;1.0;0
39;1.0;0.0;0.22090977632571;0.4;0.0;0.03513366015444757;1.0;0
40;1.0;0.0;0.17064589092736868;0.2;0.0;0.021942337075458514;0.0;1
41;1.0;0.0;0.49736114601658704;0.2;0.0;0.018493968331299484;1.0;0
42;0.5;0.0;0.33400351847197784;0.2;0.0;0.04098927018018883;1.0;0
44;0.5;0.0;0.032420206081930136;0.2;0.3333333333333333;0.08115719346076702;0.0;1
45;1.0;0.0;0.2334757476752953;0.0;0.0;0.01537917417160685;0.5;1
50;1.0;0.0;0.22090977632571;0.2;0.0;0.034743286152731485;1.0;0
51;1.0;1.0;0.08268409148027142;0.8;0.16666666666666666;0.07746484096553544;1.0;0
52;1.0;1.0;0.2586076903744659;0.0;0.0;0.01522458606692728;1.0;0
53;0.0;0.0;0.610454888162855;0.2;0.0;0.1497654242623688;0.0;1
54;0.5;0.0;0.35913546117114853;0.2;0.0;0.050748620223090936;1.0;1
55;0.0;1.0;0.8115104297562202;0.0;0.16666666666666666;0.1209753416358076;0.0;0
57;0.5;0.0;0.2586076903744659;0.0;0.0;0.020494635090094415;1.0;1
58;1.0;1.0;0.35285247549635584;0.0;0.0;0.014110458666029575;0.0;0
59;0.5;0.0;0.05755214878110078;0.2;0.3333333333333333;0.05416439273810667;1.0;1
60;1.0;1.0;0.1329479768786127;1.0;0.3333333333333333;0.09154270340242172;1.0;0
61;1.0;1.0;0.2711736617240512;0.0;0.0;0.014110458666029575;0.0;0
63;0.0;1.0;0.5601910027645137;0.2;0.0;0.16293234896625058;1.0;0
64;1.0;1.0;0.04498617743151546;0.6000000000000001;0.3333333333333333;0.05445717323939373;1.0;0
67;0.5;0.0;0.35913546117114853;0.0;0.0;0.020494635090094415;1.0;1
68;1.0;1.0;0.2334757476752953;0.0;0.0;0.015923941091001644;1.0;0
69;1.0;0.0;0.20834380497612465;0.8;0.3333333333333333;0.015468569817999833;1.0;1
70;1.0;1.0;0.32143754712239253;0.4;0.0;0.016908073949327893;1.0;0
71;0.5;1.0;0.39683337521990447;0.0;0.0;0.020494635090094415;1.0;0
72;1.0;0.0;0.19577783362653933;1.0;0.3333333333333333;0.09154270340242172;1.0;0
73;0.5;1.0;0.2586076903744659;0.0;0.0;0.1434624456306609;1.0;0
74;1.0;1.0;0.32143754712239253;0.2;0.0;0.028212719478023115;0.0;0
75;1.0;1.0;0.39683337521990447;0.0;0.0;0.11027245763075773;1.0;1
76;1.0;1.0;0.3088715757728072;0.0;0.0;0.014931805565640218;1.0;0
79;0.5;1.0;0.005152048253329982;0.0;0.3333333333333333;0.056604230248832196;1.0;1
80;1.0;0.0;0.37170143252073384;0.0;0.0;0.024349578357040744;1.0;1
81;1.0;1.0;0.2711736617240512;0.0;0.0;0.017566830077223785;1.0;0
82;1.0;1.0;0.35913546117114853;0.0;0.0;0.018542765081513996;1.0;1
84;0.0;1.0;0.34656948982156316;0.0;0.0;0.09193307740413781;1.0;0
85;0.5;0.0;0.20834380497612465;0.0;0.0;0.020494635090094415;1.0;1
86;1.0;0.0;0.4093993465694898;0.6000000000000001;0.0;0.030937139635999665;1.0;1
87;1.0;1.0;0.19577783362653933;0.2;0.5;0.06709553154495196;1.0;0
89;0.0;0.0;0.2837396330736366;0.6000000000000001;0.3333333333333333;0.5133418122566507;1.0;1
90;1.0;1.0;0.2963056044232219;0.0;0.0;0.015712553569072387;1.0;0
91;1.0;1.0;0.35913546117114853;0.0;0.0;0.015712553569072387;1.0;0
92;1.0;1.0;0.24604171902488062;0.0;0.0;0.015330377421392339;1.0;0
93;0.0;1.0;0.5727569741140991;0.2;0.0;0.11940564777490723;1.0;0
94;1.0;1.0;0.32143754712239253;0.2;0.3333333333333333;0.04015972542654215;1.0;0
95;1.0;1.0;0.7361146016587082;0.0;0.0;0.014151057562208049;1.0;0
97;0.0;1.0;0.8869062578537321;0.0;0.0;0.06764049365134761;0.0;0
98;0.0;1.0;0.2837396330736366;0.0;0.16666666666666666;0.12366716556464086;0.0;1
99;0.5;0.0;0.4219653179190751;0.0;0.16666666666666666;0.044893010197349675;1.0;1
100;0.5;1.0;0.4219653179190751;0.2;0.0;0.050748620223090936;1.0;0
101;1.0;0.0;0.34656948982156316;0.0;0.0;0.015411575213749286;1.0;0
103;0.0;1.0;0.2586076903744659;0.0;0.16666666666666666;0.15085515328815924;1.0;0
104;1.0;1.0;0.4093993465694898;0.0;0.0;0.016891873428256675;1.0;0
105;1.0;1.0;0.4596632319678311;0.4;0.0;0.015468569817999833;1.0;0
106;1.0;1.0;0.34656948982156316;0.0;0.0;0.015411575213749286;1.0;0
107;1.0;0.0;0.2586076903744659;0.0;0.0;0.014931805565640218;1.0;1
109;1.0;1.0;0.4722292033174164;0.0;0.0;0.015411575213749286;1.0;0
111;0.0;1.0;0.5853229454636844;0.0;0.0;0.10149724044618187;1.0;0
112;1.0;0.0;0.17692887660216136;0.2;0.0;0.028212719478023115;0.0;0
113;1.0;1.0;0.2711736617240512;0.0;0.0;0.015712553569072387;1.0;0
114;1.0;0.0;0.24604171902488062;0.2;0.0;0.019177122834302632;1.0;0
115;1.0;0.0;0.20834380497612465;0.0;0.0;0.028220722145058292;0.0;0
116;1.0;1.0;0.2586076903744659;0.0;0.0;0.015468569817999833;1.0;0
117;1.0;1.0;0.8806232721789394;0.0;0.0;0.015126992566498259;0.5;0
118;0.5;1.0;0.35913546117114853;0.2;0.0;0.04098927018018883;1.0;0
119;0.0;1.0;0.2963056044232219;0.0;0.16666666666666666;0.4831284260198326;0.0;0
120;1.0;0.0;0.01985423473234481;0.8;0.3333333333333333;0.06104473451835265;1.0;0
121;0.5;1.0;0.2586076903744659;0.4;0.0;0.1434624456306609;1.0;0
123;0.5;1.0;0.40311636089469716;0.2;0.0;0.058694292654020104;0.0;0
124;0.5;0.0;0.40311636089469716;0.0;0.0;0.025374310111545468;1.0;1
125;0.0;1.0;0.6732847449107816;0.0;0.16666666666666666;0.15085515328815924;1.0;0
126;1.0;1.0;0.14551394822819805;0.2;0.0;0.021942337075458514;0.0;1
128;1.0;1.0;0.2963056044232219;0.0;0.0;0.01393967004027879;1.0;1
130;1.0;1.0;0.5601910027645137;0.0;0.0;0.013614293309848433;1.0;0
131;1.0;1.0;0.4093993465694898;0.0;0.0;0.015411575213749286;0.0;0
132;1.0;1.0;0.24604171902488062;0.0;0.0;0.013760683560491965;1.0;0
133;1.0;0.0;0.5853229454636844;0.2;0.0;0.028302115124416098;1.0;0
134;0.5;0.0;0.35913546117114853;0.2;0.0;0.050748620223090936;1.0;1
135;0.5;1.0;0.3088715757728072;0.0;0.0;0.025374310111545468;1.0;0
136;0.5;1.0;0.2837396330736366;0.0;0.0;0.02936744577509929;0.0;0
137;0.0;0.0;0.2334757476752953;0.0;0.3333333333333333;0.051301584996521765;1.0;1
138;0.0;1.0;0.4596632319678311;0.2;0.0;0.10364429745562033;1.0;0
139;1.0;1.0;0.19577783362653933;0.0;0.0;0.01798980030808316;1.0;0
140;0.0;1.0;0.2963056044232219;0.0;0.0;0.15458810467956932;0.0;0
142;1.0;0.0;0.2711736617240512;0.0;0.0;0.015126992566498259;1.0;1
143;1.0;0.0;0.2963056044232219;0.2;0.0;0.030937139635999665;1.0;1
144;1.0;1.0;0.2334757476752953;0.0;0.0;0.013175122557917838;0.5;0
145;0.5;1.0;0.22090977632571;0.0;0.0;0.022446505098674838;1.0;0
146;0.5;1.0;0.2334757476752953;0.2;0.16666666666666666;0.07173122281533045;1.0;0
147;1.0;1.0;0.33400351847197784;0.0;0.0;0.015216388212891242;1.0;1
148;1.0;0.0;0.10781603417944208;0.4;0.3333333333333333;0.06709553154495196;1.0;0
149;0.5;1.0;0.4533802462930384;0.0;0.3333333333333333;0.050748620223090936;1.0;0
150;0.5;1.0;0.5224930887157577;0.0;0.0;0.025374310111545468;1.0;0
151;0.5;1.0;0.6355868308620256;0.0;0.0;0.02444717185746977;1.0;0
152;0.0;0.0;0.2711736617240512;0.2;0.0;0.12999454257145598;1.0;1
153;1.0;1.0;0.6921337019351597;0.0;0.0;0.015712553569072387;1.0;0
154;1.0;1.0;0.5036441316913798;0.0;0.3333333333333333;0.028302115124416098;1.0;0
156;0.0;1.0;0.6355868308620256;0.0;0.16666666666666666;0.11980421963065935;0.0;0
157;1.0;0.0;0.19577783362653933;0.0;0.0;0.015094396337354966;0.5;1
158;1.0;1.0;0.37170143252073384;0.0;0.0;0.015712553569072387;1.0;0
161;1.0;1.0;0.5476250314149284;0.0;0.16666666666666666;0.031425107138144774;1.0;0
162;0.5;0.0;0.49736114601658704;0.0;0.0;0.030741952635141623;1.0;1
163;1.0;1.0;0.32143754712239253;0.0;0.0;0.015175789316712771;1.0;0
164;1.0;1.0;0.20834380497612465;0.0;0.0;0.016908073949327893;1.0;0
165;1.0;1.0;0.007288263382759488;0.8;0.16666666666666666;0.07746484096553544;1.0;0
166;1.0;1.0;0.10781603417944208;0.0;0.3333333333333333;0.04006213192611313;1.0;1
168;1.0;0.0;0.5601910027645137;0.2;0.6666666666666666;0.05445717323939373;1.0;0
170;1.0;1.0;0.34656948982156316;0.0;0.0;0.11027245763075773;1.0;0
171;0.0;1.0;0.7612465443578789;0.0;0.0;0.06538764528744409;1.0;0
172;1.0;1.0;0.04498617743151546;0.8;0.16666666666666666;0.05684821399990475;0.5;0
173;1.0;0.0;0.007288263382759488;0.2;0.16666666666666666;0.021730754366528396;1.0;1
174;1.0;1.0;0.2586076903744659;0.0;0.0;0.015468569817999833;1.0;0
175;0.0;1.0;0.6984166876099522;0.0;0.0;0.05991421140938287;0.0;0
176;1.0;1.0;0.22090977632571;0.2;0.16666666666666666;0.015330377421392339;1.0;0
178;0.0;0.0;0.6230208595124404;0.0;0.0;0.05604306762136532;0.0;0
179;0.5;1.0;0.37170143252073384;0.0;0.0;0.025374310111545468;1.0;0
180;1.0;1.0;0.4470972606182458;0.0;0.0;0.0;1.0;0
183;1.0;1.0;0.10781603417944208;0.8;0.3333333333333333;0.06126431989431795;1.0;0
184;0.5;1.0;0.007288263382759488;0.4;0.16666666666666666;0.07612293033463641;1.0;1
185;1.0;0.0;0.04498617743151546;0.0;0.3333333333333333;0.04298993693898376;1.0;1
188;0.0;1.0;0.5601910027645137;0.0;0.0;0.051822148727810165;1.0;1
189;1.0;1.0;0.49736114601658704;0.2;0.16666666666666666;0.030253985132996517;0.5;0
190;1.0;1.0;0.4470972606182458;0.0;0.0;0.015411575213749286;1.0;0
191;0.5;0.0;0.39683337521990447;0.0;0.0;0.025374310111545468;1.0;1
192;0.5;1.0;0.2334757476752953;0.0;0.0;0.025374310111545468;1.0;0
193;1.0;0.0;0.2334757476752953;0.2;0.0;0.015330377421392339;1.0;1
194;0.5;1.0;0.032420206081930136;0.2;0.16666666666666666;0.050748620223090936;1.0;1
195;0.0;0.0;0.5476250314149284;0.0;0.0;0.05410739813385612;0.0;1
196;0.0;0.0;0.723548630309123;0.0;0.0;0.2859895551532101;0.0;1
198;1.0;1.0;0.5224930887157577;0.0;0.16666666666666666;0.01640390592611157;1.0;0
200;0.5;0.0;0.2963056044232219;0.0;0.0;0.025374310111545468;1.0;0
201;1.0;1.0;0.34656948982156316;0.0;0.0;0.018542765081513996;1.0;0
203;1.0;1.0;0.4219653179190751;0.0;0.0;0.012678957201736696;1.0;0
204;1.0;1.0;0.5664739884393064;0.0;0.0;0.014102260811993537;0.0;0
205;1.0;1.0;0.22090977632571;0.0;0.0;0.015712553569072387;1.0;1
206;1.0;0.0;0.01985423473234481;0.0;0.16666666666666666;0.02042143996477265;1.0;0
207;1.0;1.0;0.39683337521990447;0.2;0.0;0.030937139635999665;1.0;0
208;1.0;1.0;0.32143754712239253;0.0;0.0;0.036670757786204655;0.0;1
209;1.0;0.0;0.19577783362653933;0.0;0.0;0.015126992566498259;0.5;1
210;0.0;1.0;0.49736114601658704;0.0;0.0;0.060507970265993034;0.0;1
211;1.0;1.0;0.2963056044232219;0.0;0.0;0.013760683560491965;1.0;0
212;0.5;0.0;0.4345312892686604;0.0;0.0;0.04098927018018883;1.0;1
213;1.0;1.0;0.2711736617240512;0.0;0.0;0.014151057562208049;1.0;0
214;0.5;1.0;0.37170143252073384;0.0;0.0;0.025374310111545468;1.0;0
216;0.0;0.0;0.38426740387031916;0.2;0.0;0.22109807522194713;0.0;1
217;1.0;0.0;0.33400351847197784;0.0;0.0;0.015468569817999833;1.0;1
218;0.5;1.0;0.5224930887157577;0.2;0.0;0.05270049023167135;1.0;0
219;0.0;0.0;0.39683337521990447;0.0;0.0;0.14891148113361488;0.0;1
220;0.5;1.0;0.37170143252073384;0.0;0.0;0.020494635090094415;1.0;0
221;1.0;1.0;0.19577783362653933;0.0;0.0;0.015712553569072387;1.0;1
222;0.5;1.0;0.33400351847197784;0.0;0.0;0.025374310111545468;1.0;0
223;1.0;1.0;0.6355868308620256;0.0;0.0;0.015712553569072387;1.0;0
225;0.0;1.0;0.4722292033174164;0.2;0.0;0.17566830077223786;1.0;1
226;1.0;1.0;0.2711736617240512;0.0;0.0;0.018249984580226933;1.0;0
227;0.5;1.0;0.2334757476752953;0.0;0.0;0.020494635090094415;1.0;1
228;1.0;1.0;0.2523247046996733;0.0;0.0;0.014151057562208049;1.0;0
229;0.5;1.0;0.22090977632571;0.0;0.0;0.025374310111545468;1.0;0
231;0.0;0.0;0.4345312892686604;0.2;0.0;0.16293234896625058;1.0;1
232;1.0;1.0;0.35913546117114853;0.0;0.0;0.015175789316712771;1.0;0
233;0.5;1.0;0.7361146016587082;0.0;0.0;0.026350245115835676;1.0;0
234;1.0;0.0;0.05755214878110078;0.8;0.3333333333333333;0.06126431989431795;1.0;1
235;0.5;1.0;0.2963056044232219;0.0;0.0;0.020494635090094415;1.0;0
237;0.5;1.0;0.5476250314149284;0.2;0.0;0.050748620223090936;1.0;0
238;0.5;0.0;0.09525006282985675;0.0;0.3333333333333333;0.05123658772523604;1.0;1
239;0.5;1.0;0.2334757476752953;0.0;0.0;0.020494635090094415;1.0;0
240;0.5;1.0;0.4093993465694898;0.0;0.0;0.023959204355324663;1.0;0
243;0.5;1.0;0.35913546117114853;0.0;0.0;0.020494635090094415;1.0;0
244;1.0;1.0;0.2711736617240512;0.0;0.0;0.013907073811135496;1.0;0
245;1.0;1.0;0.37170143252073384;0.0;0.0;0.014102260811993537;0.0;0
246;0.0;1.0;0.5476250314149284;0.4;0.0;0.17566830077223786;0.5;0
247;1.0;0.0;0.3088715757728072;0.0;0.0;0.015175789316712771;1.0;0
248;0.5;0.0;0.2963056044232219;0.0;0.3333333333333333;0.028302115124416098;1.0;1
249;0.0;1.0;0.4596632319678311;0.2;0.16666666666666666;0.10257896680493714;1.0;1
250;0.5;1.0;0.6732847449107816;0.2;0.0;0.050748620223090936;1.0;0
252;1.0;0.0;0.35913546117114853;0.2;0.16666666666666666;0.02042143996477265;1.0;0
253;0.0;1.0;0.7738125157074642;0.0;0.0;0.051822148727810165;1.0;0
254;1.0;1.0;0.37170143252073384;0.2;0.0;0.031425107138144774;1.0;0
255;1.0;0.0;0.5099271173661725;0.0;0.3333333333333333;0.039452172548431745;1.0;0
256;1.0;0.0;0.35913546117114853;0.0;0.3333333333333333;0.029757819776815374;0.0;1
258;0.0;0.0;0.37170143252073384;0.0;0.0;0.16883675574220638;1.0;1
259;0.0;0.0;0.4345312892686604;0.0;0.0;1.0;0.0;1
260;0.5;0.0;0.6230208595124404;0.0;0.16666666666666666;0.050748620223090936;1.0;1
262;1.0;1.0;0.032420206081930136;0.8;0.3333333333333333;0.06126431989431795;1.0;1
263;0.0;1.0;0.648152802211611;0.2;0.16666666666666666;0.1554664461834305;1.0;0
264;0.0;1.0;0.49736114601658704;0.0;0.0;0.0;1.0;0
266;0.5;1.0;0.4470972606182458;0.0;0.0;0.020494635090094415;1.0;0
267;1.0;1.0;0.19577783362653933;0.8;0.16666666666666666;0.07746484096553544;1.0;0
268;1.0;1.0;0.3088715757728072;0.2;0.0;0.015175789316712771;1.0;1
269;0.0;0.0;0.723548630309123;0.0;0.16666666666666666;0.2995388511917728;1.0;1
270;0.0;0.0;0.4345312892686604;0.0;0.0;0.2647385704347907;1.0;1
272;1.0;1.0;0.3088715757728072;0.0;0.0;0.0;1.0;1
273;0.5;0.0;0.5099271173661725;0.0;0.16666666666666666;0.038061465167318204;1.0;1
274;0.0;1.0;0.4596632319678311;0.0;0.16666666666666666;0.057970539254838485;0.0;0
276;0.0;0.0;0.7863784870570495;0.2;0.0;0.15216446768991498;1.0;1
277;1.0;0.0;0.5601910027645137;0.0;0.0;0.015126992566498259;1.0;0
279;1.0;1.0;0.08268409148027142;0.8;0.16666666666666666;0.05684821399990475;0.5;0
280;1.0;0.0;0.4345312892686604;0.2;0.16666666666666666;0.03952536767375352;1.0;1
281;1.0;1.0;0.8115104297562202;0.0;0.0;0.015126992566498259;0.5;0
282;1.0;1.0;0.34656948982156316;0.0;0.0;0.015330377421392339;1.0;0
283;1.0;1.0;0.19577783362653933;0.0;0.0;0.018542765081513996;1.0;0
284;1.0;1.0;0.2334757476752953;0.0;0.0;0.015712553569072387;1.0;1
286;1.0;1.0;0.4093993465694898;0.0;0.0;0.016908073949327893;0.0;0
287;1.0;1.0;0.37170143252073384;0.0;0.0;0.018542765081513996;1.0;1
288;1.0;1.0;0.2711736617240512;0.0;0.0;0.015411575213749286;1.0;0
289;0.5;1.0;0.5224930887157577;0.0;0.0;0.025374310111545468;1.0;1
290;1.0;0.0;0.2711736617240512;0.0;0.0;0.015126992566498259;0.5;1
291;0.0;0.0;0.32143754712239253;0.0;0.0;0.15390495017656614;1.0;1
292;0.0;0.0;0.2334757476752953;0.2;0.0;0.17777475888549785;0.0;1
293;0.5;1.0;0.4470972606182458;0.0;0.0;0.025130326360472913;0.0;0
294;1.0;0.0;0.2963056044232219;0.0;0.0;0.01727404957593672;1.0;0
295;1.0;1.0;0.2963056044232219;0.0;0.0;0.015411575213749286;1.0;0
297;1.0;1.0;0.2900226187484292;0.0;0.0;0.014110458666029575;0.0;0
298;0.0;0.0;0.01985423473234481;0.2;0.3333333333333333;0.29580589980036276;1.0;0
300;0.0;0.0;0.6230208595124404;0.0;0.16666666666666666;0.4831284260198326;0.0;1
303;1.0;1.0;0.2334757476752953;0.0;0.0;0.0;1.0;0
306;0.0;1.0;0.006282985674792663;0.2;0.3333333333333333;0.29580589980036276;1.0;1
308;0.0;0.0;0.20834380497612465;0.2;0.0;0.2125586439344078;0.0;1
309;0.5;1.0;0.37170143252073384;0.2;0.0;0.04684488020593009;0.0;0
310;0.0;0.0;0.37170143252073384;0.0;0.0;0.11111839809247648;0.0;1
311;0.0;0.0;0.2963056044232219;0.0;0.0;0.16231419173453318;0.0;1
312;0.0;0.0;0.22090977632571;0.4;0.3333333333333333;0.5121218935012878;0.0;1
313;0.5;0.0;0.32143754712239253;0.2;0.16666666666666666;0.050748620223090936;1.0;0
314;1.0;1.0;0.34656948982156316;0.0;0.0;0.015411575213749286;1.0;0
315;0.5;1.0;0.5350590600653431;0.2;0.16666666666666666;0.05123658772523604;1.0;0
316;1.0;0.0;0.32143754712239253;0.0;0.0;0.015330377421392339;1.0;1
317;0.5;0.0;0.2963056044232219;0.2;0.0;0.050748620223090936;1.0;1
318;0.5;1.0;0.6732847449107816;0.0;0.0;0.027326180120125887;1.0;0
319;0.0;0.0;0.38426740387031916;0.0;0.3333333333333333;0.32179836714362564;1.0;1
320;0.0;0.0;0.49736114601658704;0.2;0.16666666666666666;0.2625265161540666;0.0;1
321;1.0;1.0;0.2711736617240512;0.0;0.0;0.014151057562208049;1.0;0
322;1.0;1.0;0.33400351847197784;0.0;0.0;0.015411575213749286;1.0;0
323;0.5;0.0;0.37170143252073384;0.0;0.0;0.024105594605968193;0.5;1
324;0.5;0.0;0.2711736617240512;0.2;0.16666666666666666;0.056604230248832196;1.0;1
326;0.0;0.0;0.4470972606182458;0.0;0.0;0.2647385704347907;0.0;1
327;1.0;1.0;0.7612465443578789;0.0;0.0;0.012174789178520372;1.0;0
328;0.5;0.0;0.4470972606182458;0.0;0.0;0.025374310111545468;1.0;1
329;1.0;0.0;0.38426740387031916;0.2;0.16666666666666666;0.04006213192611313;1.0;1
330;0.0;0.0;0.19577783362653933;0.0;0.16666666666666666;0.11316786160148591;0.0;1
332;0.0;1.0;0.5664739884393064;0.0;0.0;0.055628295244541985;1.0;0
333;0.0;1.0;0.4722292033174164;0.0;0.16666666666666666;0.2995388511917728;1.0;0
334;1.0;1.0;0.19577783362653933;0.4;0.0;0.03513366015444757;1.0;0
337;0.0;1.0;0.35913546117114853;0.2;0.0;0.12999454257145598;1.0;0
338;0.0;0.0;0.5099271173661725;0.0;0.0;0.2625265161540666;0.0;1
339;1.0;1.0;0.5601910027645137;0.0;0.0;0.015712553569072387;1.0;1
340;0.0;1.0;0.5601910027645137;0.0;0.0;0.06929138530460494;1.0;0
341;0.5;1.0;0.01985423473234481;0.2;0.16666666666666666;0.050748620223090936;1.0;1
342;0.0;0.0;0.2963056044232219;0.6000000000000001;0.3333333333333333;0.5133418122566507;1.0;1
343;0.5;1.0;0.34656948982156316;0.0;0.0;0.025374310111545468;1.0;0
344;0.5;1.0;0.3088715757728072;0.0;0.0;0.025374310111545468;1.0;0
345;0.5;1.0;0.4470972606182458;0.0;0.0;0.025374310111545468;1.0;0
346;0.5;0.0;0.2963056044232219;0.0;0.0;0.025374310111545468;1.0;1
347;0.5;0.0;0.49736114601658704;0.0;0.0;0.025374310111545468;1.0;1
349;1.0;1.0;0.032420206081930136;0.2;0.16666666666666666;0.031034733136428686;1.0;1
350;1.0;1.0;0.5224930887157577;0.0;0.0;0.016908073949327893;1.0;0
351;1.0;1.0;0.2837396330736366;0.0;0.0;0.01800600082915438;1.0;0
353;1.0;1.0;0.18321186227695402;0.2;0.16666666666666666;0.014110458666029575;0.0;0
354;1.0;1.0;0.3088715757728072;0.2;0.0;0.034743286152731485;1.0;0
356;1.0;1.0;0.34656948982156316;0.0;0.0;0.018542765081513996;1.0;0
357;0.0;0.0;0.2711736617240512;0.0;0.16666666666666666;0.10735285047192313;1.0;1
358;0.5;0.0;0.4722292033174164;0.0;0.0;0.025374310111545468;1.0;0
361;1.0;1.0;0.49736114601658704;0.2;0.6666666666666666;0.05445717323939373;1.0;0
362;0.5;1.0;0.35913546117114853;0.2;0.0;0.05410739813385612;0.0;0
363;1.0;0.0;0.5601910027645137;0.0;0.16666666666666666;0.028212719478023115;0.0;0
364;1.0;1.0;0.4345312892686604;0.0;0.0;0.013760683560491965;1.0;0
366;1.0;1.0;0.37170143252073384;0.0;0.0;0.014151057562208049;1.0;0
367;0.0;0.0;0.7486805730082936;0.2;0.0;0.14687821814567664;0.0;1
370;0.0;0.0;0.2963056044232219;0.0;0.0;0.13526459159462315;0.0;1
371;0.0;1.0;0.3088715757728072;0.2;0.0;0.1082149914547131;0.0;1
372;1.0;1.0;0.22090977632571;0.2;0.0;0.012678957201736696;1.0;0
373;1.0;1.0;0.2334757476752953;0.0;0.0;0.015712553569072387;1.0;0
374;0.0;1.0;0.2711736617240512;0.0;0.0;0.2647385704347907;0.0;0
375;1.0;0.0;0.032420206081930136;0.6000000000000001;0.16666666666666666;0.04113566043083236;1.0;0
377;1.0;0.0;0.2711736617240512;0.0;0.0;0.014151057562208049;1.0;1
378;0.0;1.0;0.33400351847197784;0.0;0.3333333333333333;0.41282050681475896;0.0;0
379;1.0;1.0;0.24604171902488062;0.0;0.0;0.007831878409428937;0.0;0
380;1.0;1.0;0.2334757476752953;0.0;0.0;0.015175789316712771;1.0;0
381;0.0;0.0;0.5224930887157577;0.0;0.0;0.4440992237022602;0.0;1
382;1.0;0.0;0.007288263382759488;0.0;0.3333333333333333;0.030725752114070404;0.0;1
383;1.0;1.0;0.39683337521990447;0.0;0.0;0.015468569817999833;1.0;0
384;0.0;0.0;0.4345312892686604;0.2;0.0;0.10149724044618187;1.0;1
386;0.5;1.0;0.22090977632571;0.0;0.0;0.1434624456306609;1.0;0
387;1.0;1.0;0.007288263382759488;1.0;0.3333333333333333;0.09154270340242172;1.0;0
388;0.5;0.0;0.4470972606182458;0.0;0.0;0.025374310111545468;1.0;1
390;0.5;0.0;0.20834380497612465;0.0;0.0;0.023422440102965045;0.0;1
391;0.0;1.0;0.4470972606182458;0.2;0.3333333333333333;0.23422440102965048;1.0;1
392;1.0;1.0;0.2586076903744659;0.0;0.0;0.015216388212891242;1.0;1
393;1.0;1.0;0.34656948982156316;0.4;0.0;0.015468569817999833;1.0;0
394;0.0;0.0;0.2837396330736366;0.2;0.0;0.22109807522194713;0.0;1
395;1.0;0.0;0.2963056044232219;0.0;0.3333333333333333;0.03259622914329302;1.0;1
396;1.0;1.0;0.2711736617240512;0.0;0.0;0.015216388212891242;1.0;0
397;1.0;0.0;0.38426740387031916;0.0;0.0;0.015330377421392339;1.0;0
398;0.5;1.0;0.5727569741140991;0.0;0.0;0.050748620223090936;1.0;0
399;0.5;1.0;0.2837396330736366;0.0;0.0;0.020494635090094415;1.0;0
400;0.5;0.0;0.34656948982156316;0.0;0.0;0.02469115560854232;1.0;1
401;1.0;1.0;0.4847951746670017;0.0;0.0;0.015468569817999833;1.0;1
402;1.0;1.0;0.32143754712239253;0.0;0.0;0.015712553569072387;1.0;0
403;1.0;0.0;0.2586076903744659;0.2;0.0;0.019177122834302632;1.0;0
404;1.0;1.0;0.34656948982156316;0.2;0.0;0.030937139635999665;1.0;0
405;1.0;0.0;0.24604171902488062;0.0;0.0;0.016908073949327893;1.0;0
406;0.5;1.0;0.4219653179190751;0.2;0.0;0.04098927018018883;1.0;0
407;1.0;1.0;0.6355868308620256;0.0;0.0;0.015126992566498259;1.0;0
408;0.5;1.0;0.032420206081930136;0.2;0.16666666666666666;0.03659756266088288;1.0;1
409;1.0;1.0;0.2586076903744659;0.0;0.0;0.015175789316712771;1.0;0
413;0.0;0.0;0.4093993465694898;0.2;0.0;0.17566830077223786;0.5;1
415;1.0;1.0;0.5476250314149284;0.0;0.0;0.015468569817999833;1.0;1
417;0.5;0.0;0.4219653179190751;0.2;0.16666666666666666;0.06343577527886367;1.0;1
418;0.5;0.0;0.22090977632571;0.0;0.3333333333333333;0.025374310111545468;1.0;1
419;0.5;1.0;0.37170143252073384;0.0;0.0;0.025374310111545468;1.0;0
420;1.0;0.0;0.12038200552902739;0.0;0.3333333333333333;0.04713766070721715;1.0;0
422;1.0;1.0;0.2586076903744659;0.0;0.0;0.015094396337354966;0.5;0
423;1.0;1.0;0.35913546117114853;0.0;0.0;0.015370976317570811;1.0;0
424;1.0;0.0;0.34656948982156316;0.2;0.16666666666666666;0.028106928123558056;1.0;0
425;1.0;1.0;0.22090977632571;0.2;0.16666666666666666;0.039452172548431745;1.0;0
427;0.5;0.0;0.34656948982156316;0.2;0.0;0.050748620223090936;1.0;1
428;0.5;0.0;0.2334757476752953;0.0;0.0;0.050748620223090936;1.0;1
430;1.0;1.0;0.39683337521990447;0.0;0.0;0.015712553569072387;1.0;1
431;0.0;1.0;0.34656948982156316;0.0;0.0;0.051822148727810165;1.0;1
433;0.5;0.0;0.5224930887157577;0.2;0.0;0.050748620223090936;1.0;1
434;1.0;1.0;0.20834380497612465;0.0;0.0;0.013907073811135496;1.0;0
435;0.0;1.0;0.6230208595124404;0.2;0.0;0.1091095334796455;1.0;0
436;0.0;0.0;0.17064589092736868;0.2;0.3333333333333333;0.23422440102965048;1.0;1
437;1.0;0.0;0.2586076903744659;0.4;0.3333333333333333;0.06709553154495196;1.0;0
438;0.5;0.0;0.2963056044232219;0.4;0.5;0.03659756266088288;1.0;1
439;0.0;1.0;0.7989444584066349;0.2;0.6666666666666666;0.5133418122566507;1.0;0
440;0.5;1.0;0.38426740387031916;0.0;0.0;0.020494635090094415;1.0;0
441;0.5;0.0;0.5601910027645137;0.2;0.16666666666666666;0.05123658772523604;1.0;1
442;1.0;1.0;0.24604171902488062;0.0;0.0;0.018542765081513996;1.0;0
443;1.0;1.0;0.3088715757728072;0.2;0.0;0.015175789316712771;1.0;0
444;0.5;0.0;0.34656948982156316;0.0;0.0;0.025374310111545468;1.0;1
446;0.0;1.0;0.04498617743151546;0.0;0.3333333333333333;0.15977676072337862;1.0;1
447;0.5;0.0;0.15807991957778336;0.0;0.16666666666666666;0.038061465167318204;1.0;1
448;0.0;1.0;0.4219653179190751;0.0;0.0;0.051822148727810165;1.0;1
449;1.0;0.0;0.05755214878110078;0.4;0.16666666666666666;0.03758969818624431;0.0;1
450;0.0;1.0;0.648152802211611;0.0;0.0;0.05953203526170282;1.0;1
451;0.5;1.0;0.4470972606182458;0.2;0.3333333333333333;0.05416439273810667;1.0;0
453;0.0;1.0;0.37170143252073384;0.0;0.0;0.05416439273810667;0.0;0
454;0.0;1.0;0.610454888162855;0.2;0.0;0.17391981561855152;0.0;1
456;1.0;1.0;0.35913546117114853;0.0;0.0;0.015411575213749286;0.0;1
457;0.0;1.0;0.8115104297562202;0.0;0.0;0.051822148727810165;1.0;0
459;0.5;0.0;0.6230208595124404;0.0;0.0;0.020494635090094415;1.0;1
461;0.0;1.0;0.5978889168132697;0.0;0.0;0.051822148727810165;1.0;1
462;1.0;1.0;0.4219653179190751;0.0;0.0;0.015712553569072387;1.0;0
463;0.0;1.0;0.5853229454636844;0.0;0.0;0.07514699533034619;1.0;0
464;0.5;1.0;0.5978889168132697;0.0;0.0;0.025374310111545468;1.0;0
466;1.0;1.0;0.4722292033174164;0.0;0.0;0.013760683560491965;1.0;0
468;0.0;1.0;0.6984166876099522;0.0;0.0;0.051822148727810165;1.0;0
470;1.0;0.0;0.0041467705453631576;0.4;0.16666666666666666;0.03758969818624431;0.0;1
472;1.0;1.0;0.4722292033174164;0.0;0.0;0.016908073949327893;1.0;0
473;0.5;0.0;0.4093993465694898;0.2;0.3333333333333333;0.05416439273810667;1.0;1
474;0.5;0.0;0.2837396330736366;0.0;0.0;0.026919605597338588;0.0;1
475;1.0;0.0;0.2711736617240512;0.0;0.0;0.019201521209409888;1.0;0
477;0.5;1.0;0.4219653179190751;0.2;0.0;0.04098927018018883;1.0;0
478;1.0;1.0;0.35913546117114853;0.2;0.0;0.013752485706455927;1.0;0
479;1.0;1.0;0.2711736617240512;0.0;0.0;0.014679623960531627;1.0;0
480;1.0;0.0;0.01985423473234481;0.0;0.16666666666666666;0.023983602730431916;1.0;1
481;1.0;1.0;0.10781603417944208;1.0;0.3333333333333333;0.09154270340242172;1.0;0
483;1.0;1.0;0.6230208595124404;0.0;0.0;0.015712553569072387;1.0;0
484;1.0;0.0;0.7863784870570495;0.0;0.0;0.018713553707264782;1.0;1
485;0.0;1.0;0.3088715757728072;0.2;0.0;0.17777475888549785;0.0;1
487;0.0;0.0;0.4345312892686604;0.2;0.0;0.17566830077223786;1.0;1
488;0.0;1.0;0.723548630309123;0.0;0.0;0.057970539254838485;0.0;0
489;1.0;1.0;0.37170143252073384;0.0;0.0;0.015712553569072387;1.0;0
490;1.0;1.0;0.10781603417944208;0.2;0.16666666666666666;0.031034733136428686;1.0;1
492;1.0;1.0;0.2586076903744659;0.0;0.0;0.014151057562208049;1.0;0
493;0.0;1.0;0.685850716260367;0.0;0.0;0.05953203526170282;1.0;0
494;0.0;1.0;0.8869062578537321;0.0;0.0;0.09662576327876685;0.0;0
495;1.0;1.0;0.2586076903744659;0.0;0.0;0.015712553569072387;1.0;0
497;0.0;0.0;0.6732847449107816;0.2;0.0;0.1527664244005612;0.0;1
499;0.0;0.0;0.3088715757728072;0.2;0.3333333333333333;0.29580589980036276;1.0;0
500;1.0;1.0;0.2963056044232219;0.0;0.0;0.015216388212891242;1.0;0
501;1.0;1.0;0.20834380497612465;0.0;0.0;0.016908073949327893;1.0;0
502;1.0;0.0;0.2586076903744659;0.0;0.0;0.015126992566498259;0.5;0
504;1.0;0.0;0.4596632319678311;0.0;0.0;0.018713553707264782;1.0;0
505;0.0;0.0;0.19577783362653933;0.0;0.0;0.16883675574220638;1.0;1
506;0.0;1.0;0.22090977632571;0.2;0.0;0.2125586439344078;0.0;0
507;0.5;0.0;0.4093993465694898;0.0;0.3333333333333333;0.050748620223090936;1.0;1
509;1.0;1.0;0.34656948982156316;0.0;0.0;0.04396587194327397;1.0;0
510;1.0;1.0;0.32143754712239253;0.0;0.0;0.11027245763075773;1.0;1
511;1.0;1.0;0.35913546117114853;0.0;0.0;0.015126992566498259;0.5;1
513;0.0;1.0;0.4470972606182458;0.0;0.0;0.05130978285055781;1.0;1
514;0.0;0.0;0.6732847449107816;0.2;0.0;0.11594107850967697;0.0;1
515;1.0;1.0;0.2963056044232219;0.0;0.0;0.014630827210317117;1.0;0
516;0.0;1.0;0.5853229454636844;0.0;0.0;0.06640417918791278;1.0;0
517;0.5;0.0;0.4219653179190751;0.0;0.0;0.020494635090094415;1.0;1
519;0.5;0.0;0.4470972606182458;0.2;0.0;0.050748620223090936;1.0;1
520;1.0;1.0;0.39683337521990447;0.0;0.0;0.015411575213749286;1.0;0
521;0.0;0.0;0.37170143252073384;0.0;0.0;0.18249984580226933;1.0;1
522;1.0;1.0;0.2711736617240512;0.0;0.0;0.015411575213749286;1.0;0
524;0.0;0.0;0.5476250314149284;0.0;0.16666666666666666;0.11316786160148591;0.0;1
526;1.0;1.0;0.5036441316913798;0.0;0.0;0.015126992566498259;0.5;0
527;0.5;0.0;0.6230208595124404;0.0;0.0;0.020494635090094415;1.0;1
529;1.0;1.0;0.4847951746670017;0.0;0.0;0.015468569817999833;1.0;0
530;0.5;1.0;0.2837396330736366;0.4;0.16666666666666666;0.022446505098674838;1.0;0
531;0.5;0.0;0.01985423473234481;0.2;0.16666666666666666;0.050748620223090936;1.0;1
533;1.0;1.0;0.20834380497612465;0.2;0.16666666666666666;0.014110458666029575;0.0;0
535;1.0;0.0;0.37170143252073384;0.0;0.0;0.016908073949327893;1.0;0
536;0.5;0.0;0.08268409148027142;0.0;0.3333333333333333;0.05123658772523604;1.0;1
537;0.0;1.0;0.5601910027645137;0.0;0.0;0.051822148727810165;1.0;0
538;0.0;0.0;0.37170143252073384;0.0;0.0;0.20772776566317125;0.0;1
540;0.0;0.0;0.2711736617240512;0.0;0.3333333333333333;0.09661756542473082;0.0;1
541;0.0;0.0;0.4470972606182458;0.0;0.3333333333333333;0.13858277060920987;1.0;1
542;1.0;0.0;0.10781603417944208;0.8;0.3333333333333333;0.06104473451835265;1.0;0
543;1.0;0.0;0.1329479768786127;0.8;0.3333333333333333;0.06104473451835265;1.0;0
544;0.5;1.0;0.39683337521990447;0.2;0.0;0.050748620223090936;1.0;1
545;0.0;1.0;0.6230208595124404;0.2;0.0;0.20772776566317125;0.0;0
546;0.0;1.0;0.7989444584066349;0.0;0.0;0.050748620223090936;1.0;0
547;0.5;0.0;0.2334757476752953;0.2;0.0;0.050748620223090936;1.0;1
549;1.0;1.0;0.4093993465694898;0.2;0.16666666666666666;0.04006213192611313;1.0;0
550;0.5;1.0;0.09525006282985675;0.2;0.16666666666666666;0.07173122281533045;1.0;1
551;0.0;1.0;0.20834380497612465;0.0;0.3333333333333333;0.21642978772242535;0.0;1
552;0.5;1.0;0.33400351847197784;0.0;0.0;0.050748620223090936;1.0;0
554;1.0;1.0;0.2711736617240512;0.0;0.0;0.014102260811993537;0.0;1
555;1.0;0.0;0.2711736617240512;0.0;0.0;0.015175789316712771;1.0;1
556;0.0;1.0;0.7738125157074642;0.0;0.0;0.051822148727810165;1.0;0
557;0.0;0.0;0.5978889168132697;0.2;0.0;0.07729405233978466;0.0;1
559;0.0;0.0;0.4847951746670017;0.2;0.16666666666666666;0.1554664461834305;1.0;1
560;1.0;0.0;0.4470972606182458;0.2;0.0;0.033962538149299316;1.0;1
562;1.0;1.0;0.49736114601658704;0.0;0.0;0.015411575213749286;1.0;0
563;0.5;1.0;0.34656948982156316;0.0;0.0;0.026350245115835676;1.0;0
566;1.0;1.0;0.2963056044232219;0.4;0.0;0.04713766070721715;1.0;0
567;1.0;1.0;0.2334757476752953;0.0;0.0;0.015411575213749286;1.0;0
568;1.0;0.0;0.35913546117114853;0.0;0.6666666666666666;0.04113566043083236;1.0;0
570;1.0;1.0;0.39683337521990447;0.0;0.0;0.015330377421392339;1.0;1
571;0.5;1.0;0.7738125157074642;0.0;0.0;0.020494635090094415;1.0;1
572;0.0;0.0;0.6607187735611963;0.4;0.0;0.10048070654571319;1.0;1
573;0.0;1.0;0.4470972606182458;0.0;0.0;0.051504969851415845;1.0;1
575;1.0;1.0;0.19577783362653933;0.0;0.0;0.015712553569072387;1.0;0
576;1.0;1.0;0.2334757476752953;0.0;0.0;0.028302115124416098;1.0;0
577;0.5;0.0;0.4219653179190751;0.0;0.0;0.025374310111545468;1.0;1
578;0.0;0.0;0.4847951746670017;0.2;0.0;0.1091095334796455;1.0;1
580;1.0;1.0;0.39683337521990447;0.0;0.0;0.015468569817999833;1.0;1
581;0.5;0.0;0.3088715757728072;0.2;0.16666666666666666;0.05855610025741262;1.0;1
582;0.0;0.0;0.4847951746670017;0.2;0.16666666666666666;0.21642978772242535;0.0;1
583;0.5;1.0;0.6732847449107816;0.0;0.0;0.050748620223090936;1.0;0
584;0.0;1.0;0.4470972606182458;0.0;0.0;0.07831878409428937;0.0;0
586;0.0;0.0;0.22090977632571;0.0;0.3333333333333333;0.1554664461834305;1.0;1
587;0.5;1.0;0.5853229454636844;0.0;0.0;0.02927805012870631;1.0;0
588;0.0;1.0;0.7486805730082936;0.2;0.16666666666666666;0.15458810467956932;0.0;1
589;1.0;1.0;0.2711736617240512;0.0;0.0;0.015712553569072387;1.0;0
591;1.0;1.0;0.4345312892686604;0.0;0.0;0.013907073811135496;1.0;0
592;0.0;0.0;0.648152802211611;0.2;0.0;0.1527664244005612;0.0;1
593;1.0;1.0;0.5853229454636844;0.0;0.0;0.014151057562208049;1.0;0
595;0.5;1.0;0.4596632319678311;0.2;0.0;0.050748620223090936;1.0;0
596;1.0;1.0;0.4470972606182458;0.2;0.16666666666666666;0.04713766070721715;1.0;0
598;1.0;1.0;0.610454888162855;0.0;0.0;0.0;1.0;0
600;0.0;1.0;0.610454888162855;0.2;0.0;0.11111839809247648;0.0;1
601;0.5;0.0;0.2963056044232219;0.4;0.16666666666666666;0.05270049023167135;1.0;1
604;1.0;1.0;0.5476250314149284;0.0;0.0;0.015712553569072387;1.0;0
605;0.0;1.0;0.4345312892686604;0.0;0.0;0.051822148727810165;0.0;1
606;1.0;1.0;0.4470972606182458;0.2;0.0;0.030351578633425542;1.0;0
607;1.0;1.0;0.37170143252073384;0.0;0.0;0.015411575213749286;1.0;0
608;0.0;1.0;0.33400351847197784;0.0;0.0;0.05953203526170282;1.0;1
609;0.5;0.0;0.2711736617240512;0.2;0.3333333333333333;0.08115719346076702;0.0;1
610;0.0;0.0;0.49736114601658704;0.0;0.0;0.2995388511917728;1.0;1
611;1.0;0.0;0.4847951746670017;0.2;0.8333333333333333;0.06104473451835265;1.0;0
615;1.0;1.0;0.4345312892686604;0.0;0.0;0.015712553569072387;1.0;0
616;0.5;0.0;0.2963056044232219;0.2;0.3333333333333333;0.12687155055772734;1.0;1
617;1.0;1.0;0.4219653179190751;0.2;0.16666666666666666;0.028106928123558056;1.0;0
618;1.0;0.0;0.32143754712239253;0.2;0.0;0.031425107138144774;1.0;0
619;0.5;0.0;0.04498617743151546;0.4;0.16666666666666666;0.07612293033463641;1.0;1
620;0.5;1.0;0.32143754712239253;0.0;0.0;0.020494635090094415;1.0;0
621;1.0;1.0;0.33400351847197784;0.2;0.0;0.028212719478023115;0.0;0
622;0.0;1.0;0.5224930887157577;0.2;0.0;0.10257896680493714;1.0;1
623;1.0;1.0;0.24604171902488062;0.2;0.16666666666666666;0.030725752114070404;0.0;1
624;1.0;1.0;0.2586076903744659;0.0;0.0;0.015330377421392339;1.0;0
625;1.0;1.0;0.2586076903744659;0.0;0.0;0.031425107138144774;1.0;0
626;0.0;1.0;0.7612465443578789;0.0;0.0;0.06308600017332605;1.0;0
627;0.5;1.0;0.7109826589595376;0.0;0.0;0.024105594605968193;0.5;0
628;0.0;0.0;0.2586076903744659;0.0;0.0;0.15216446768991498;1.0;1
629;1.0;1.0;0.32143754712239253;0.0;0.0;0.015411575213749286;1.0;0
631;0.0;1.0;1.0;0.0;0.0;0.05855610025741262;1.0;1
632;1.0;1.0;0.6355868308620256;0.0;0.0;0.013768881414528002;1.0;0
633;0.0;1.0;0.39683337521990447;0.0;0.0;0.05953203526170282;0.0;1
635;1.0;0.0;0.10781603417944208;0.6000000000000001;0.3333333333333333;0.05445717323939373;1.0;0
636;0.5;0.0;0.34656948982156316;0.0;0.0;0.025374310111545468;1.0;1
637;1.0;1.0;0.39683337521990447;0.0;0.0;0.015468569817999833;1.0;0
638;0.5;1.0;0.38426740387031916;0.2;0.16666666666666666;0.05123658772523604;1.0;0
639;1.0;0.0;0.5099271173661725;0.0;0.8333333333333333;0.07746484096553544;1.0;0
641;1.0;1.0;0.24604171902488062;0.0;0.0;0.015330377421392339;1.0;0
642;0.0;0.0;0.2963056044232219;0.0;0.0;0.13526459159462315;0.0;1
643;1.0;0.0;0.01985423473234481;0.6000000000000001;0.3333333333333333;0.05445717323939373;1.0;0
645;1.0;0.0;0.0041467705453631576;0.4;0.16666666666666666;0.03758969818624431;0.0;1
646;0.0;1.0;0.5978889168132697;0.2;0.0;0.1497654242623688;0.0;1
647;1.0;1.0;0.2334757476752953;0.0;0.0;0.015411575213749286;1.0;0
648;0.0;1.0;0.6984166876099522;0.0;0.0;0.06929138530460494;0.0;1
650;1.0;0.0;0.2837396330736366;0.0;0.0;0.014736618564782174;1.0;1
652;0.5;0.0;0.22090977632571;0.0;0.16666666666666666;0.044893010197349675;1.0;1
653;1.0;1.0;0.2586076903744659;0.0;0.0;0.01646070534336126;1.0;0
655;1.0;0.0;0.22090977632571;0.0;0.0;0.013175122557917838;0.5;0
656;0.5;1.0;0.2963056044232219;0.4;0.0;0.1434624456306609;1.0;0
658;1.0;0.0;0.39683337521990447;0.2;0.16666666666666666;0.030253985132996517;0.5;0
659;0.5;1.0;0.2837396330736366;0.0;0.0;0.025374310111545468;1.0;0
660;0.0;1.0;0.723548630309123;0.0;0.3333333333333333;0.22109807522194713;0.0;0
661;0.0;1.0;0.6230208595124404;0.4;0.0;0.2608674266467732;1.0;1
662;1.0;1.0;0.49736114601658704;0.0;0.0;0.014102260811993537;0.0;0
663;0.0;1.0;0.5853229454636844;0.0;0.0;0.04994347384455151;1.0;0
664;1.0;1.0;0.4470972606182458;0.0;0.0;0.014630827210317117;1.0;0
665;1.0;1.0;0.24604171902488062;0.2;0.0;0.015468569817999833;1.0;1
666;0.5;1.0;0.39683337521990447;0.4;0.0;0.1434624456306609;1.0;0
667;0.5;1.0;0.3088715757728072;0.0;0.0;0.025374310111545468;1.0;0
669;1.0;1.0;0.5350590600653431;0.0;0.0;0.015712553569072387;1.0;0
671;0.5;0.0;0.49736114601658704;0.2;0.16666666666666666;0.07612293033463641;1.0;1
672;0.0;1.0;0.38426740387031916;0.2;0.0;0.10149724044618187;1.0;0
673;0.5;1.0;0.8743402865041467;0.0;0.0;0.020494635090094415;1.0;0
674;0.5;1.0;0.38426740387031916;0.0;0.0;0.025374310111545468;1.0;1
676;1.0;1.0;0.22090977632571;0.0;0.0;0.015175789316712771;1.0;0
677;1.0;1.0;0.30258859009801453;0.0;0.0;0.015712553569072387;1.0;0
678;1.0;0.0;0.22090977632571;0.0;0.0;0.019209719063445922;1.0;1
679;1.0;0.0;0.5350590600653431;0.2;1.0;0.09154270340242172;1.0;0
680;0.0;1.0;0.4470972606182458;0.0;0.16666666666666666;1.0;0.0;1
682;0.0;1.0;0.33400351847197784;0.0;0.0;0.1497654242623688;0.0;1
683;1.0;1.0;0.24604171902488062;0.0;0.0;0.01800600082915438;1.0;0
684;1.0;1.0;0.17064589092736868;1.0;0.3333333333333333;0.09154270340242172;1.0;0
685;0.5;1.0;0.7486805730082936;0.2;0.16666666666666666;0.07612293033463641;1.0;0
686;0.5;1.0;0.3088715757728072;0.2;0.3333333333333333;0.08115719346076702;0.0;0
687;1.0;1.0;0.17064589092736868;0.8;0.16666666666666666;0.07746484096553544;1.0;0
688;1.0;1.0;0.2334757476752953;0.0;0.0;0.019852079483269742;1.0;0
689;1.0;1.0;0.22090977632571;0.0;0.0;0.015216388212891242;1.0;0
690;0.0;0.0;0.18321186227695402;0.0;0.16666666666666666;0.41250332793836464;1.0;1
691;0.0;1.0;0.38426740387031916;0.2;0.0;0.11125659048908397;1.0;1
692;1.0;0.0;0.04498617743151546;0.0;0.16666666666666666;0.026187654344120927;0.0;1
694;1.0;1.0;0.3088715757728072;0.0;0.0;0.014102260811993537;0.0;0
695;0.0;1.0;0.7486805730082936;0.0;0.0;0.051822148727810165;1.0;0
696;0.5;1.0;0.648152802211611;0.0;0.0;0.026350245115835676;1.0;0
697;1.0;1.0;0.5476250314149284;0.0;0.0;0.015712553569072387;1.0;0
699;0.0;1.0;0.610454888162855;0.2;0.16666666666666666;0.21642978772242535;0.0;0
700;1.0;1.0;0.5224930887157577;0.0;0.0;0.014931805565640218;1.0;0
701;0.0;0.0;0.22090977632571;0.2;0.0;0.4440992237022602;0.0;1
702;0.0;1.0;0.4345312892686604;0.0;0.0;0.05130978285055781;1.0;1
703;1.0;0.0;0.22090977632571;0.0;0.16666666666666666;0.028212719478023115;0.0;0
704;1.0;1.0;0.3088715757728072;0.0;0.0;0.015110792045427042;0.5;0
705;1.0;1.0;0.32143754712239253;0.2;0.0;0.015330377421392339;1.0;0
706;0.5;1.0;0.4847951746670017;0.0;0.0;0.050748620223090936;1.0;0
707;0.5;0.0;0.5601910027645137;0.0;0.0;0.026350245115835676;1.0;1
708;0.0;1.0;0.5224930887157577;0.0;0.0;0.05130978285055781;1.0;1
709;0.0;0.0;0.2711736617240512;0.0;0.0;0.29580589980036276;1.0;1
711;0.0;0.0;0.2963056044232219;0.0;0.0;0.09662576327876685;0.0;1
713;0.0;1.0;0.5978889168132697;0.2;0.0;0.10149724044618187;1.0;1
714;1.0;1.0;0.35913546117114853;0.0;0.0;0.018510168852370702;1.0;0
715;0.5;1.0;0.648152802211611;0.0;0.0;0.025374310111545468;1.0;0
716;1.0;1.0;0.2334757476752953;0.0;0.0;0.014931805565640218;1.0;0
717;0.0;0.0;0.4722292033174164;0.0;0.0;0.4440992237022602;0.0;1
718;0.5;0.0;0.33400351847197784;0.0;0.0;0.020494635090094415;1.0;1
720;1.0;1.0;0.4093993465694898;0.0;0.0;0.015175789316712771;1.0;0
721;0.5;0.0;0.0701181201306861;0.0;0.16666666666666666;0.06441171028315387;1.0;1
722;1.0;1.0;0.20834380497612465;0.2;0.0;0.013768881414528002;1.0;0
723;0.5;1.0;0.4219653179190751;0.0;0.0;0.025374310111545468;1.0;0
724;0.5;1.0;0.6230208595124404;0.0;0.0;0.025374310111545468;1.0;0
725;0.0;1.0;0.33400351847197784;0.2;0.0;0.10364429745562033;1.0;1
726;1.0;1.0;0.24604171902488062;0.0;0.0;0.016908073949327893;1.0;0
727;0.5;0.0;0.37170143252073384;0.6000000000000001;0.0;0.04098927018018883;1.0;1
729;0.5;1.0;0.3088715757728072;0.2;0.0;0.050748620223090936;1.0;0
730;1.0;0.0;0.3088715757728072;0.2;0.0;0.015468569817999833;1.0;0
731;0.0;0.0;0.35913546117114853;0.0;0.0;0.41250332793836464;1.0;1
732;1.0;1.0;0.1329479768786127;0.0;0.0;0.036670757786204655;0.0;0
734;0.5;1.0;0.2837396330736366;0.0;0.0;0.025374310111545468;1.0;0
735;0.5;1.0;0.2837396330736366;0.0;0.0;0.025374310111545468;1.0;0
736;1.0;1.0;0.35285247549635584;0.0;0.0;0.031425107138144774;1.0;0
737;1.0;0.0;0.5978889168132697;0.2;0.5;0.06709553154495196;1.0;0
738;0.0;1.0;0.4345312892686604;0.0;0.0;1.0;0.0;1
742;0.0;1.0;0.4470972606182458;0.2;0.0;0.15390495017656614;1.0;0
743;0.0;0.0;0.2586076903744659;0.4;0.3333333333333333;0.5121218935012878;0.0;1
744;1.0;1.0;0.2963056044232219;0.2;0.0;0.031425107138144774;1.0;0
745;1.0;1.0;0.38426740387031916;0.0;0.0;0.015468569817999833;1.0;1
746;0.0;1.0;0.8743402865041467;0.2;0.16666666666666666;0.13858277060920987;1.0;0
747;1.0;1.0;0.19577783362653933;0.2;0.16666666666666666;0.03952536767375352;1.0;0
748;0.5;0.0;0.37170143252073384;0.0;0.0;0.025374310111545468;1.0;1
749;0.0;1.0;0.2334757476752953;0.2;0.0;0.10364429745562033;1.0;0
750;1.0;1.0;0.38426740387031916;0.0;0.0;0.015126992566498259;0.5;0
751;0.5;0.0;0.04498617743151546;0.2;0.16666666666666666;0.044893010197349675;1.0;1
752;1.0;1.0;0.0701181201306861;0.0;0.16666666666666666;0.024349578357040744;1.0;1
753;1.0;1.0;0.4093993465694898;0.0;0.0;0.018542765081513996;1.0;0
754;1.0;1.0;0.2837396330736366;0.0;0.0;0.015411575213749286;1.0;0
755;0.5;0.0;0.5978889168132697;0.2;0.3333333333333333;0.12687155055772734;1.0;1
756;0.5;1.0;0.003141492837396331;0.2;0.16666666666666666;0.028302115124416098;1.0;1
757;1.0;1.0;0.34656948982156316;0.0;0.0;0.015216388212891242;1.0;0
758;0.5;1.0;0.22090977632571;0.0;0.0;0.022446505098674838;1.0;0
759;1.0;1.0;0.4219653179190751;0.0;0.0;0.015712553569072387;1.0;0
760;0.0;0.0;0.4093993465694898;0.0;0.0;0.16883675574220638;1.0;1
762;1.0;1.0;0.5099271173661725;0.0;0.0;0.013907073811135496;1.0;0
763;1.0;1.0;0.24604171902488062;0.0;0.0;0.014110458666029575;0.0;1
764;0.0;0.0;0.4470972606182458;0.2;0.3333333333333333;0.23422440102965048;1.0;1
765;1.0;1.0;0.19577783362653933;0.0;0.0;0.015175789316712771;1.0;0
766;0.0;0.0;0.6355868308620256;0.2;0.0;0.15216446768991498;1.0;1
768;1.0;0.0;0.3779844181955265;0.0;0.0;0.015126992566498259;0.5;0
770;1.0;1.0;0.39683337521990447;0.0;0.0;0.016322512946753766;1.0;0
771;1.0;1.0;0.2963056044232219;0.0;0.0;0.018542765081513996;1.0;0
772;1.0;1.0;0.5978889168132697;0.0;0.0;0.015330377421392339;1.0;0
773;0.5;0.0;0.7109826589595376;0.0;0.0;0.020494635090094415;1.0;0
775;0.5;0.0;0.6732847449107816;0.2;0.5;0.044893010197349675;1.0;1
776;1.0;1.0;0.22090977632571;0.0;0.0;0.015126992566498259;1.0;0
778;1.0;0.0;0.05755214878110078;0.0;0.0;0.024349578357040744;1.0;1
780;0.0;0.0;0.5350590600653431;0.0;0.16666666666666666;0.41250332793836464;1.0;1
781;1.0;0.0;0.15807991957778336;0.0;0.0;0.014110458666029575;0.0;1
782;0.0;0.0;0.20834380497612465;0.2;0.0;0.11125659048908397;1.0;1
783;0.0;1.0;0.35913546117114853;0.0;0.0;0.05855610025741262;1.0;0
785;1.0;1.0;0.3088715757728072;0.0;0.0;0.013760683560491965;1.0;0
786;1.0;1.0;0.3088715757728072;0.0;0.0;0.014151057562208049;1.0;0
787;1.0;0.0;0.22090977632571;0.0;0.0;0.014630827210317117;1.0;1
788;1.0;1.0;0.09525006282985675;0.8;0.16666666666666666;0.05684821399990475;0.5;0
789;1.0;1.0;0.007288263382759488;0.2;0.3333333333333333;0.04015972542654215;1.0;1
790;0.0;1.0;0.5727569741140991;0.0;0.0;0.15458810467956932;0.0;0
792;0.5;1.0;0.19577783362653933;0.0;0.0;0.050748620223090936;1.0;0
795;1.0;1.0;0.3088715757728072;0.0;0.0;0.015411575213749286;1.0;0
796;0.5;1.0;0.4847951746670017;0.0;0.0;0.025374310111545468;1.0;0
797;0.0;0.0;0.610454888162855;0.0;0.0;0.050610427826483444;1.0;1
798;1.0;0.0;0.38426740387031916;0.0;0.0;0.016948672845506364;1.0;1
799;1.0;1.0;0.37170143252073384;0.0;0.0;0.014110458666029575;0.0;0
800;1.0;0.0;0.37170143252073384;0.2;0.16666666666666666;0.04713766070721715;1.0;0
801;0.5;1.0;0.4219653179190751;0.0;0.0;0.025374310111545468;1.0;0
802;0.5;0.0;0.38426740387031916;0.2;0.16666666666666666;0.05123658772523604;1.0;1
803;0.0;1.0;0.1329479768786127;0.2;0.3333333333333333;0.23422440102965048;1.0;1
804;1.0;1.0;0.0;0.0;0.16666666666666666;0.016623491302076868;0.0;1
805;1.0;1.0;0.33400351847197784;0.0;0.0;0.013614293309848433;1.0;1
806;1.0;1.0;0.38426740387031916;0.0;0.0;0.015175789316712771;1.0;0
807;0.0;1.0;0.4847951746670017;0.0;0.0;0.0;1.0;0
808;1.0;0.0;0.22090977632571;0.0;0.0;0.015175789316712771;1.0;0
809;0.5;1.0;0.4847951746670017;0.0;0.0;0.025374310111545468;1.0;0
810;0.0;0.0;0.4093993465694898;0.2;0.0;0.10364429745562033;1.0;1
811;1.0;1.0;0.32143754712239253;0.0;0.0;0.015395374692678068;1.0;0
812;1.0;1.0;0.4847951746670017;0.0;0.0;0.04713766070721715;1.0;0
813;0.5;1.0;0.4345312892686604;0.0;0.0;0.020494635090094415;1.0;0
814;1.0;0.0;0.0701181201306861;0.8;0.3333333333333333;0.06104473451835265;1.0;0
815;1.0;1.0;0.3779844181955265;0.0;0.0;0.015712553569072387;1.0;0
817;1.0;0.0;0.2837396330736366;0.0;0.0;0.015468569817999833;1.0;0
818;0.5;1.0;0.38426740387031916;0.2;0.16666666666666666;0.07222738817151159;0.0;0
819;1.0;1.0;0.5350590600653431;0.0;0.0;0.012589561555343713;1.0;0
820;1.0;1.0;0.12038200552902739;0.6000000000000001;0.3333333333333333;0.05445717323939373;1.0;0
821;0.0;0.0;0.648152802211611;0.2;0.16666666666666666;0.18249984580226933;1.0;1
822;1.0;1.0;0.33400351847197784;0.0;0.0;0.016908073949327893;1.0;1
823;0.0;1.0;0.4722292033174164;0.0;0.0;0.0;1.0;0
824;1.0;0.0;0.33400351847197784;0.0;0.16666666666666666;0.024349578357040744;1.0;1
825;1.0;1.0;0.01985423473234481;0.8;0.16666666666666666;0.07746484096553544;1.0;0
828;0.5;1.0;0.007288263382759488;0.0;0.3333333333333333;0.07222738817151159;0.0;1
831;1.0;0.0;0.18321186227695402;0.2;0.0;0.028212719478023115;0.0;1
832;0.5;1.0;0.005152048253329982;0.2;0.16666666666666666;0.03659756266088288;1.0;1
834;1.0;1.0;0.2837396330736366;0.0;0.0;0.015330377421392339;1.0;0
835;1.0;1.0;0.22090977632571;0.0;0.0;0.016200521071217493;1.0;0
836;0.0;0.0;0.4847951746670017;0.2;0.16666666666666666;0.16231419173453318;0.0;1
837;1.0;1.0;0.2586076903744659;0.0;0.0;0.016908073949327893;1.0;0
839;1.0;1.0;0.39683337521990447;0.0;0.0;0.11027245763075773;1.0;1
841;1.0;1.0;0.24604171902488062;0.0;0.0;0.015468569817999833;1.0;0
842;0.5;1.0;0.19577783362653933;0.0;0.0;0.020494635090094415;1.0;0
843;0.0;0.0;0.37170143252073384;0.0;0.0;0.060507970265993034;0.0;1
844;1.0;1.0;0.4282483035938678;0.0;0.0;0.012565163180236457;0.0;0
845;1.0;1.0;0.20834380497612465;0.0;0.0;0.016908073949327893;1.0;0
846;1.0;1.0;0.5224930887157577;0.0;0.0;0.014736618564782174;1.0;0
848;1.0;1.0;0.4345312892686604;0.0;0.0;0.015411575213749286;0.0;0
849;0.5;1.0;0.34656948982156316;0.0;0.16666666666666666;0.06441171028315387;1.0;0
851;1.0;1.0;0.04498617743151546;0.8;0.3333333333333333;0.06104473451835265;1.0;0
852;1.0;1.0;0.9246041719024881;0.0;0.0;0.015175789316712771;1.0;0
853;1.0;0.0;0.10781603417944208;0.2;0.16666666666666666;0.029757819776815374;0.0;0
854;0.0;0.0;0.19577783362653933;0.0;0.16666666666666666;0.07690367833806856;1.0;1
855;0.5;0.0;0.5476250314149284;0.2;0.0;0.050748620223090936;1.0;0
856;1.0;0.0;0.22090977632571;0.0;0.16666666666666666;0.018249984580226933;1.0;1
857;0.0;0.0;0.5601910027645137;0.2;0.16666666666666666;0.32179836714362564;1.0;1
858;0.0;1.0;0.6355868308620256;0.0;0.0;0.051822148727810165;1.0;1
859;1.0;0.0;0.2963056044232219;0.0;0.5;0.03758969818624431;0.0;1
861;1.0;1.0;0.5099271173661725;0.4;0.0;0.027537567642055148;1.0;0
862;0.5;1.0;0.2586076903744659;0.2;0.0;0.022446505098674838;1.0;0
863;0.0;0.0;0.5978889168132697;0.0;0.0;0.050610427826483444;1.0;1
865;0.5;1.0;0.2963056044232219;0.0;0.0;0.025374310111545468;1.0;0
866;0.5;0.0;0.5224930887157577;0.0;0.0;0.025374310111545468;1.0;1
867;0.5;0.0;0.33400351847197784;0.2;0.0;0.027049600139910042;0.0;1
868;0.0;1.0;0.38426740387031916;0.0;0.0;0.09856123757927521;1.0;0
870;1.0;1.0;0.04498617743151546;0.2;0.16666666666666666;0.021730754366528396;1.0;1
871;1.0;1.0;0.32143754712239253;0.0;0.0;0.015411575213749286;1.0;0
872;0.0;0.0;0.5853229454636844;0.2;0.16666666666666666;0.10257896680493714;1.0;1
873;0.0;1.0;0.4093993465694898;0.0;0.0;0.009759350042902102;1.0;0
874;1.0;1.0;0.5853229454636844;0.0;0.0;0.017566830077223785;1.0;0
875;0.5;0.0;0.34656948982156316;0.2;0.0;0.04684488020593009;0.0;1
876;1.0;0.0;0.18321186227695402;0.0;0.0;0.014102260811993537;0.0;1
877;1.0;1.0;0.24604171902488062;0.0;0.0;0.019217721730481106;1.0;0
878;1.0;1.0;0.2334757476752953;0.0;0.0;0.015411575213749286;1.0;0
880;0.0;0.0;0.6984166876099522;0.0;0.16666666666666666;0.16231419173453318;0.0;1
881;0.5;0.0;0.3088715757728072;0.0;0.16666666666666666;0.050748620223090936;1.0;1
882;1.0;1.0;0.4093993465694898;0.0;0.0;0.015411575213749286;1.0;0
883;1.0;0.0;0.2711736617240512;0.0;0.0;0.02052723131923771;1.0;0
884;0.5;1.0;0.34656948982156316;0.0;0.0;0.020494635090094415;1.0;0
885;1.0;1.0;0.3088715757728072;0.0;0.0;0.013760683560491965;1.0;0
886;1.0;0.0;0.4847951746670017;0.0;0.8333333333333333;0.05684821399990475;0.5;0
887;0.5;1.0;0.33400351847197784;0.0;0.0;0.025374310111545468;1.0;0
888;0.0;0.0;0.2334757476752953;0.0;0.0;0.05855610025741262;1.0;1
890;0.0;1.0;0.32143754712239253;0.0;0.0;0.05855610025741262;0.0;1
891;1.0;1.0;0.39683337521990447;0.0;0.0;0.015126992566498259;0.5;0
